[
    {
      "patients": [
        {
          "patient_id": "P001",
          "name": "John Doe",
          "progress": 75
        },
        {
          "patient_id": "P002",
          "name": "Jane Smith",
          "progress": 40
        }
      ]
    },
    {
      "groupSessions": [
        {
          "session_id": "GS001",
          "session_name": "Cardiac Health Workshop",
          "session_status": "Ongoing"
        },
        {
          "session_id": "GS002",
          "session_name": "Diabetes Management Group",
          "session_status": "Scheduled"
        }
      ]
    },
    {
      "sessions": [
        {
          "session_id": "S001",
          "session_name": "Team Meeting - Project Alpha",
          "session_state": "Completed"
        },
        {
          "session_id": "S002",
          "session_name": "Design Review - Website Redesign",
          "session_state": "In Progress"
        }
      ]
    }
  ]
  